,allow_pets,built_year,condition,deposit,number_of_rooms,postal_code,rent,total_size,type
0,ei tiedossa,1968,tyydyttävä,410.00,Kaksio,30100,410 €/kk,50 m²,kerrostalo
1,ei sallittu,1974,hyvä,729,Yksiö,15500,486 €/kk,36 m²,kerrostalo
2,ei sallittu,2016,hyvä,1510,Kaksio,40100,755 €/kk,"47,5 m²",kerrostalo
3,ei tiedossa,2007,hyvä,1990.00,3 huonetta,03400,995 €/kk,"75,6 m²",rivitalo
4,ei sallittu,2007,hyvä,noin yhden kuukauden vuokra,Yksiö,40900,"353,84 €/kk","25,5 m²",rivitalo
5,ei sallittu,2004,hyvä,250,3 huonetta,40320,785 €/kk,66 m²,luhtitalo
6,ei sallittu,2017,hyvä,"0,5kk vuokran suuruinen",Kaksio,90420,640 €/kk,"49,5 m²",kerrostalo
7,ei sallittu,2018,ei luokiteltu,1186.00,3 huonetta,02200,1 186 €/kk,"60,5 m²",kerrostalo
8,ei sallittu,2018,ei luokiteltu,861.00,Yksiö,02200,861 €/kk,"39,5 m²",kerrostalo
9,ei sallittu,2018,ei luokiteltu,929.00,Kaksio,02200,929 €/kk,46 m²,kerrostalo
10,ei sallittu,2016,ei luokiteltu,970.00,3 huonetta,70100,970 €/kk,60 m²,kerrostalo
11,ei sallittu,1910,ei luokiteltu,525.00,Yksiö,90100,525 €/kk,30 m²,kerrostalo
12,ei sallittu,2018,ei luokiteltu,1174.00,3 huonetta,02200,1 174 €/kk,"60,5 m²",kerrostalo
13,ei sallittu,2018,ei luokiteltu,929.00,Kaksio,02200,929 €/kk,46 m²,kerrostalo
14,ei sallittu,2018,ei luokiteltu,919.00,Kaksio,02200,919 €/kk,"45,5 m²",kerrostalo
15,ei sallittu,2018,ei luokiteltu,861.00,Yksiö,02200,861 €/kk,"39,5 m²",kerrostalo
16,ei sallittu,2015,ei luokiteltu,795.00,Kaksio,70840,795 €/kk,"53,5 m²",kerrostalo
17,ei sallittu,2018,ei luokiteltu,919.00,Kaksio,02200,919 €/kk,"45,5 m²",kerrostalo
18,ei sallittu,2017,hyvä,"1kk, yrityksiltä 3kk",Yksiö,04410,690 €/kk,"31,5 m²",kerrostalo
19,ei sallittu,2014,hyvä,1kk tai 350 € väh. vuoden sopimus,Kaksio,04320,809 €/kk,"49,5 m²",kerrostalo
20,ei tiedossa,1959,hyvä,520.00,Kaksio,96400,520 €/kk,46 m²,kerrostalo
21,ei tiedossa,1964,hyvä,400.00,Kaksio,76100,400 €/kk,55 m²,kerrostalo
22,ei tiedossa,2015,hyvä,670.00,Kaksio,96300,670 €/kk,42 m²,kerrostalo
23,ei tiedossa,1930,tyydyttävä,1240.00,Kaksio,33230,620 €/kk,"55,8 m²",kerrostalo
24,ei tiedossa,2012,hyvä,1580.00,Kaksio,00390,790 €/kk,"38,5 m²",kerrostalo
25,ei tiedossa,1928,hyvä,1000.00,Yksiö,20250,500 €/kk,"26,5 m²",kerrostalo
26,ei sallittu,1928,hyvä,300.00,Yksiö,26100,"231,35 €/kk",20 m²,kerrostalo
27,ei sallittu,1947,hyvä,450.00,Kaksio,37600,450 €/kk,35 m²,kerrostalo
28,ei sallittu,1947,hyvä,1160.00,Kaksio,28100,580 €/kk,62 m²,kerrostalo
29,ei sallittu,1966,hyvä,1200.00,4 huonetta,28360,600 €/kk,"78,7 m²",kerrostalo
30,ei sallittu,1968,hyvä,kahden kuukauden vuokra,Kaksio,33840,605 €/kk,"53,5 m²",kerrostalo
31,ei sallittu,1968,hyvä,kahden kuukauden vuokra,Kaksio,33840,605 €/kk,"53,5 m²",kerrostalo
32,ei sallittu,1984,tyydyttävä,800,4 huonetta,44100,800 €/kk,100 m²,omakotitalo
33,ei sallittu,2012,hyvä,1 kk,Kaksio,04410,790 €/kk,40 m²,kerrostalo
34,ei sallittu,1886,hyvä,2 kk rahavakuus,Yksiö,00170,560 €/kk,25 m²,kerrostalo
35,ei tiedossa,1986,hyvä,1390.00,Yksiö,00440,695 €/kk,33 m²,kerrostalo
36,ei sallittu,1976,hyvä,700.00,Yksiö,28190,350 €/kk,"31,5 m²",kerrostalo
37,ei sallittu,2007,hyvä,1kk:n vuokran suuruinen,Kaksio,90420,590 €/kk,49 m²,luhtitalo
38,ei tiedossa,1975,hyvä,250,Yksiö,96500,460 €/kk,37 m²,kerrostalo
39,ei sallittu,1988,hyvä,1/kk vuokra,Kaksio,53100,950 €/kk,80 m²,kerrostalo
40,ei sallittu,1954,hyvä,250.00,3 huonetta,45100,619 €/kk,66 m²,kerrostalo
41,ei sallittu,1974,ei luokiteltu,2 kk,4 huonetta,01200,1 300 €/kk,97 m²,kerrostalo
42,ei sallittu,1998,ei luokiteltu,"2 080,00 €",Yksiö,00500,1 040 €/kk,"52,5 m²",kerrostalo
43,ei sallittu,1996,hyvä,250 €,Yksiö,40100,675 €/kk,"36,5 m²",kerrostalo
44,ei sallittu,1972,hyvä,250 €,3 huonetta,02700,1 438 €/kk,71 m²,kerrostalo
45,ei sallittu,1954,hyvä,250 €,Yksiö,00560,989 €/kk,37 m²,kerrostalo
46,ei sallittu,2017,hyvä,2 kk vuokra,Yksiö,33870,520 €/kk,23 m²,kerrostalo
47,ei sallittu,1977,hyvä,0,3 huonetta,02400,"846,88 €/kk","74,5 m²",kerrostalo
48,ei sallittu,1977,hyvä,0,Kaksio,01200,889 €/kk,62 m²,kerrostalo
49,ei sallittu,1961,hyvä,2 kk:n vuokra,Kaksio,00150,900 €/kk,48 m²,kerrostalo
50,ei sallittu,2016,hyvä,1kk/350€,Kaksio,00240,920 €/kk,"44,5 m²",kerrostalo
51,ei sallittu,1999,hyvä,"895,00",Kaksio,20810,895 €/kk,"67,5 m²",kerrostalo
52,ei sallittu,2017,hyvä,2 kk vuokraa vastaava vakuus,Kaksio,01300,850 €/kk,"50,5 m²",kerrostalo
53,ei sallittu,1994,hyvä,1 kk pankkitalletus + 2 kk hlötakaus,3 huonetta,60200,695 €/kk,74 m²,rivitalo
54,ei tiedossa,1984,tyydyttävä,1000.00,Yksiö,48100,500 €/kk,"34,5 m²",kerrostalo
55,ei tiedossa,1993,tyydyttävä,1040.00,Yksiö,20700,520 €/kk,25 m²,kerrostalo
56,ei tiedossa,1981,hyvä,650.00,Kaksio,30100,650 €/kk,64 m²,rivitalo
57,ei tiedossa,1981,hyvä,960.00,Yksiö,06100,480 €/kk,33 m²,kerrostalo
58,ei tiedossa,1982,tyydyttävä,1160.00,Yksiö,01150,580 €/kk,"34,5 m²",kerrostalo
59,ei tiedossa,1934,hyvä,1360.00,Yksiö,00100,680 €/kk,"26,5 m²",kerrostalo
60,ei tiedossa,1982,hyvä,1300.00,Yksiö,00780,650 €/kk,"30,5 m²",kerrostalo
61,ei tiedossa,2003,hyvä,1380.00,Yksiö,00990,690 €/kk,29 m²,kerrostalo
62,ei sallittu,2004,hyvä,1190.00,Kaksio,28100,595 €/kk,48 m²,kerrostalo
63,ei sallittu,1982,hyvä,1340.00,Kaksio,15870,670 €/kk,57 m²,rivitalo
64,ei sallittu,1942,hyvä,1-3 kuukauden vakuus,Yksiö,32700,390 €/kk,41 m²,kerrostalo
65,ei sallittu,1962,hyvä,1380,Kaksio,40100,690 €/kk,40 m²,kerrostalo
66,ei sallittu,2001,hyvä,950.13,3 huonetta,33720,"950,13 €/kk","77,5 m²",luhtitalo
67,ei sallittu,2003,hyvä,noin yhden kuukauden vuokra,3 huonetta,33710,"795,91 €/kk","69,5 m²",kerrostalo
68,ei sallittu,1970,hyvä,950,Yksiö,40250,475 €/kk,"27,5 m²",kerrostalo
69,ei sallittu,1974,hyvä,1580 €,Yksiö,00530,790 €/kk,33 m²,kerrostalo
70,ei sallittu,1974,hyvä,550 €,3 huonetta,38700,550 €/kk,83 m²,paritalo
71,ei sallittu,1977,tyydyttävä,"1 400,00 e",3 huonetta,33720,700 €/kk,"70,5 m²",kerrostalo
72,ei sallittu,1941,tyydyttävä,"900,00 e",Yksiö,33800,450 €/kk,32 m²,kerrostalo
73,ei sallittu,2017,hyvä,250 €,Kaksio,00220,1 339 €/kk,"59,5 m²",kerrostalo
74,ei sallittu,1975,hyvä,250 €,Kaksio,33720,699 €/kk,62 m²,kerrostalo
75,ei sallittu,1971,hyvä,250 €,Kaksio,45700,540 €/kk,62 m²,kerrostalo
76,ei sallittu,2013,hyvä,250 €,Kaksio,00580,1 262 €/kk,51 m²,kerrostalo
77,ei sallittu,1998,hyvä,250 €,Kaksio,00500,1 029 €/kk,50 m²,kerrostalo
78,ei sallittu,1962,tyydyttävä,1 kk vuokra,Yksiö,62200,270 €/kk,23 m²,kerrostalo
79,ei sallittu,1968,hyvä,1 kk vuokra,Kaksio,96200,600 €/kk,44 m²,kerrostalo
80,ei sallittu,1997,hyvä,1 kk vuokra,Yksiö,02660,915 €/kk,49 m²,kerrostalo
81,ei sallittu,2011,hyvä,1 kk vuokra,4 huonetta,00790,1 650 €/kk,"96,5 m²",kerrostalo
82,ei sallittu,1957,hyvä,650 €,Kaksio,13130,650 €/kk,"59,5 m²",kerrostalo
83,ei sallittu,2011,hyvä,1kk,Kaksio,00900,855 €/kk,45 m²,kerrostalo
84,ei sallittu,2014,hyvä,1kk/350€,4 huonetta,02100,2 410 €/kk,"166,5 m²",kerrostalo
85,ei sallittu,2017,hyvä,1 kk vuokra,Kaksio,20720,884 €/kk,52 m²,kerrostalo
86,ei sallittu,2001,hyvä,2kk,4 huonetta,05810,1 170 €/kk,90 m²,rivitalo
87,ei sallittu,2016,hyvä,1 kk tai 350 € väh. vuoden sopimus,Yksiö,04410,670 €/kk,35 m²,kerrostalo
88,ei sallittu,2017,hyvä,1kk (495 Eur),Yksiö,33870,495 €/kk,23 m²,kerrostalo
89,ei tiedossa,1958,hyvä,1kk (495 Eur),Kaksio,94100,520 €/kk,58 m²,kerrostalo
90,ei sallittu,1980,hyvä,715,Kaksio,37500,715 €/kk,60 m²,rivitalo
91,ei tiedossa,2014,hyvä,1340.00,Kaksio,04410,670 €/kk,52 m²,rivitalo
92,ei tiedossa,2015,hyvä,1520.00,Kaksio,01150,760 €/kk,"48,1 m²",kerrostalo
93,ei tiedossa,1939,hyvä,980.00,Yksiö,33230,490 €/kk,"20,5 m²",kerrostalo
94,ei tiedossa,2015,hyvä,1060.00,Yksiö,20300,530 €/kk,28 m²,kerrostalo
95,ei sallittu,2015,hyvä,1386.00,Kaksio,20300,693 €/kk,40 m²,kerrostalo
96,ei sallittu,1968,ei luokiteltu,1260.00,3 huonetta,15240,630 €/kk,69 m²,kerrostalo
97,ei sallittu,1977,hyvä,1900.00,5 +,60101,950 €/kk,195 m²,paritalo
98,ei sallittu,1979,hyvä,1480,Yksiö,00440,740 €/kk,34 m²,kerrostalo
99,ei sallittu,1976,hyvä,1480,Kaksio,00520,948 €/kk,"45,5 m²",kerrostalo
100,ei sallittu,1970,hyvä,1480,Yksiö,01200,"540,81 €/kk",39 m²,kerrostalo
101,ei sallittu,1985,hyvä,1480,3 huonetta,01300,1 030 €/kk,"68,5 m²",kerrostalo
102,ei sallittu,1959,hyvä,1480,Yksiö,00350,830 €/kk,25 m²,kerrostalo
103,ei sallittu,1959,hyvä,2 kk:n vuokra,Kaksio,02760,830 €/kk,48 m²,kerrostalo
104,ei sallittu,1991,hyvä,"871,14",3 huonetta,16900,"871,14 €/kk",80 m²,rivitalo
105,ei sallittu,1989,hyvä,250 euroa,Kaksio,90240,660 €/kk,63 m²,luhtitalo
106,ei sallittu,1999,hyvä,250.00,Kaksio,45120,652 €/kk,53 m²,rivitalo
107,ei sallittu,2002,hyvä,250 euroa,3 huonetta,90650,805 €/kk,72 m²,kerrostalo
108,ei sallittu,2005,hyvä,250,3 huonetta,40320,811 €/kk,"65,5 m²",kerrostalo
109,ei sallittu,1972,hyvä,250 euroa,Kaksio,90580,446 €/kk,55 m²,kerrostalo
110,ei sallittu,2005,hyvä,250.00,3 huonetta,15140,860 €/kk,74 m²,kerrostalo
111,ei sallittu,1948,hyvä,"250,00",3 huonetta,80200,817 €/kk,66 m²,kerrostalo
112,ei sallittu,1978,hyvä,250 €,4 huonetta,00440,1 497 €/kk,97 m²,kerrostalo
113,ei sallittu,1980,hyvä,250 €,Kaksio,01370,746 €/kk,"47,5 m²",kerrostalo
114,ei sallittu,1976,hyvä,250 €,Kaksio,01450,792 €/kk,63 m²,kerrostalo
115,ei sallittu,2017,hyvä,250 €,Kaksio,01400,876 €/kk,43 m²,kerrostalo
116,ei sallittu,1973,hyvä,250 €,3 huonetta,01620,1 111 €/kk,"76,5 m²",kerrostalo
117,ei sallittu,1980,hyvä,250 €,Kaksio,90500,689 €/kk,60 m²,kerrostalo
118,ei sallittu,1955,hyvä,250 €,Kaksio,33100,779 €/kk,"40,5 m²",kerrostalo
119,ei sallittu,1979,hyvä,250 €,Kaksio,00440,929 €/kk,49 m²,kerrostalo
120,ei sallittu,1979,hyvä,1kk+hlö tai 2kk,Kaksio,28190,650 €/kk,"57,5 m²",kerrostalo
121,ei sallittu,1965,hyvä,1kk + hlö tai 2kk,3 huonetta,28100,650 €/kk,"68,5 m²",kerrostalo
122,ei sallittu,1989,hyvä,"440,00 e",Yksiö,90570,440 €/kk,30 m²,kerrostalo
123,sallittu,1977,hyvä,1200,4 huonetta,61330,1 200 €/kk,118 m²,omakotitalo
124,ei sallittu,1988,hyvä,1200,3 huonetta,00710,1 129 €/kk,68 m²,kerrostalo
125,ei sallittu,1997,hyvä,1200,Kaksio,02660,929 €/kk,56 m²,kerrostalo
126,ei sallittu,2017,ei luokiteltu,641.00,Yksiö,04220,641 €/kk,"32,5 m²",kerrostalo
127,ei sallittu,2017,ei luokiteltu,738.00,Kaksio,04220,738 €/kk,"47,5 m²",kerrostalo
128,ei sallittu,2017,ei luokiteltu,609.00,Yksiö,04220,609 €/kk,"30,5 m²",kerrostalo
129,ei sallittu,2018,ei luokiteltu,630.00,Yksiö,20520,630 €/kk,33 m²,kerrostalo
130,ei sallittu,2018,ei luokiteltu,635.00,Yksiö,20520,635 €/kk,34 m²,kerrostalo
131,ei sallittu,1997,ei luokiteltu,491.00,Kaksio,90520,491 €/kk,51 m²,kerrostalo
132,ei sallittu,2018,ei luokiteltu,820.00,Kaksio,20520,820 €/kk,51 m²,kerrostalo
133,ei sallittu,2018,ei luokiteltu,730.00,Kaksio,70300,730 €/kk,47 m²,kerrostalo
134,ei sallittu,2017,ei luokiteltu,760.00,Kaksio,04230,760 €/kk,"49,5 m²",kerrostalo
135,ei sallittu,2018,ei luokiteltu,645.00,Yksiö,20520,645 €/kk,33 m²,kerrostalo
136,ei sallittu,2018,ei luokiteltu,585.00,Yksiö,20520,585 €/kk,26 m²,kerrostalo
137,ei sallittu,2018,ei luokiteltu,630.00,Yksiö,20520,630 €/kk,"32,5 m²",kerrostalo
138,ei sallittu,2017,ei luokiteltu,710.00,Kaksio,04230,710 €/kk,43 m²,kerrostalo
139,ei tiedossa,2017,ei luokiteltu,1500 ,Kaksio,33540,750 €/kk,"43,5 m²",kerrostalo
140,ei sallittu,1972,hyvä,noin yhden kuukauden vuokra,Kaksio,04600,"693,25 €/kk","58,5 m²",kerrostalo
141,ei tiedossa,1990,ei luokiteltu,390.00,Yksiö,86300,390 €/kk,33 m²,kerrostalo
142,ei tiedossa,2016,hyvä,.00,Yksiö,60200,580 €/kk,"38,5 m²",kerrostalo
143,ei tiedossa,1987,hyvä,585.00,Kaksio,67100,585 €/kk,59 m²,kerrostalo
144,ei tiedossa,2013,hyvä,1190.00,Yksiö,36280,595 €/kk,42 m²,kerrostalo
145,ei tiedossa,1983,ei luokiteltu,1240.00,Yksiö,04230,620 €/kk,"36,5 m²",luhtitalo
146,ei tiedossa,1984,hyvä,1190.00,Yksiö,33500,595 €/kk,35 m²,kerrostalo
147,ei tiedossa,1945,hyvä,1840.00,Kaksio,00270,920 €/kk,42 m²,kerrostalo
148,ei tiedossa,1957,hyvä,3050.00,4 huonetta,00810,1 525 €/kk,87 m²,kerrostalo
149,ei sallittu,1978,hyvä,1kk:n vuokran suuruinen,Kaksio,90570,575 €/kk,59 m²,kerrostalo
150,ei sallittu,1978,hyvä,1kk:n vuokran suuruinen,Kaksio,90570,545 €/kk,"51,5 m²",kerrostalo
151,ei sallittu,1978,hyvä,1kk:n vuokran suuruinen,Kaksio,90570,570 €/kk,59 m²,kerrostalo
152,ei sallittu,1953,hyvä,1kk:n vuokran suuruinen,Kaksio,90120,652 €/kk,61 m²,kerrostalo
153,ei sallittu,2011,hyvä,1kk:n vuokran suuruinen,Kaksio,00790,990 €/kk,"48,5 m²",kerrostalo
154,ei sallittu,1929,hyvä,1290 €,Kaksio,33100,645 €/kk,"43,5 m²",kerrostalo
155,ei sallittu,1962,hyvä,"1340,-",3 huonetta,28130,670 €/kk,69 m²,kerrostalo
156,ei sallittu,1939,hyvä,500 €,Yksiö,20810,750 €/kk,"43,5 m²",kerrostalo
157,ei sallittu,2011,hyvä,1kk pankkitalletus sekä 1-2 henkilön henkilötakaus,Kaksio,60200,570 €/kk,43 m²,luhtitalo
158,ei sallittu,2014,hyvä,1kk pankkitalletus sekä 1-2 henkilön henkilötakaus,Kaksio,91800,620 €/kk,51 m²,kerrostalo
159,ei tiedossa,1974,hyvä,1320 ,3 huonetta,60120,660 €/kk,"70,5 m²",kerrostalo
160,ei sallittu,1998,hyvä,250 €,Yksiö,90570,547 €/kk,32 m²,kerrostalo
161,ei tiedossa,1989,ei luokiteltu,500 euroa,Kaksio,00250,1 008 €/kk,56 m²,kerrostalo
162,ei sallittu,1908,hyvä,5600,3 huonetta,00170,2 800 €/kk,"122,5 m²",kerrostalo
163,ei sallittu,1999,hyvä,1kk,Kaksio,01510,930 €/kk,59 m²,kerrostalo
164,ei sallittu,1957,tyydyttävä,2 kk,Kaksio,00350,950 €/kk,"49,8 m²",kerrostalo
165,ei sallittu,1957,tyydyttävä,1590 €,4 huonetta,11130,795 €/kk,98 m²,kerrostalo
166,ei tiedossa,1957,hyvä,1590 €,3 huonetta,65100,800 €/kk,70 m²,kerrostalo
167,ei tiedossa,1925,hyvä,3900.00,3 huonetta,00100,1 950 €/kk,106 m²,kerrostalo
168,ei sallittu,1957,hyvä,1380,Kaksio,11100,690 €/kk,43 m²,kerrostalo
169,ei sallittu,2017,hyvä,1190.00,Kaksio,60510,595 €/kk,45 m²,rivitalo
170,ei sallittu,1939,hyvä,2000.00,Kaksio,00250,1 000 €/kk,39 m²,kerrostalo
171,ei sallittu,1939,hyvä,480 €,Yksiö,53100,480 €/kk,31 m²,kerrostalo
172,ei sallittu,1939,hyvä,1kk+hlö tai 2kk,Yksiö,28660,440 €/kk,36 m²,rivitalo
173,ei sallittu,1989,hyvä,688,3 huonetta,96440,688 €/kk,"76,5 m²",rivitalo
174,ei sallittu,1992,hyvä,"570,00 e",Kaksio,40520,570 €/kk,"54,5 m²",kerrostalo
175,ei sallittu,2013,hyvä,"690,00 e +laaja kotivakuutus",Kaksio,80220,690 €/kk,41 m²,kerrostalo
176,ei sallittu,2009,hyvä,250 €,Kaksio,70100,910 €/kk,"57,5 m²",kerrostalo
177,ei sallittu,1997,hyvä,250 €,4 huonetta,00340,2 873 €/kk,126 m²,rivitalo
178,ei sallittu,2010,hyvä,620€,Kaksio,95400,620 €/kk,"44,5 m²",kerrostalo
179,ei sallittu,2010,hyvä,0,Kaksio,05820,625 €/kk,46 m²,kerrostalo
180,ei sallittu,1899,hyvä,0,Kaksio,00240,1 250 €/kk,"72,5 m²",kerrostalo
181,ei sallittu,1989,hyvä,0,Kaksio,01620,899 €/kk,53 m²,kerrostalo
182,ei sallittu,1998,ei luokiteltu,"570,33",Kaksio,33100,"570,33 €/kk",47 m²,kerrostalo
183,ei sallittu,2017,hyvä,1 kk vuokra,3 huonetta,33900,750 €/kk,"66,5 m²",kerrostalo
184,ei sallittu,2015,hyvä,1kk/350€,3 huonetta,02390,970 €/kk,"63,5 m²",kerrostalo
185,ei tiedossa,1939,hyvä,1440 ,Yksiö,00550,720 €/kk,21 m²,kerrostalo
186,ei tiedossa,2001,tyydyttävä,1180.00,Kaksio,67100,590 €/kk,62 m²,kerrostalo
187,ei tiedossa,1967,ei luokiteltu,690.00,3 huonetta,87300,690 €/kk,72 m²,kerrostalo
188,ei tiedossa,1938,hyvä,1380.00,Yksiö,00330,690 €/kk,23 m²,kerrostalo
189,ei tiedossa,1987,hyvä,1300.00,Yksiö,01360,650 €/kk,38 m²,kerrostalo
190,ei tiedossa,1970,hyvä,1700.00,Kaksio,01300,850 €/kk,59 m²,kerrostalo
191,ei tiedossa,1966,hyvä,2280.00,3 huonetta,00320,1 140 €/kk,62 m²,kerrostalo
192,ei tiedossa,2017,hyvä,1700.00,Kaksio,01400,850 €/kk,48 m²,kerrostalo
193,ei sallittu,1975,hyvä,1200.00,Kaksio,60100,600 €/kk,58 m²,kerrostalo
194,ei sallittu,1975,hyvä,600 €,4 huonetta,38700,600 €/kk,149 m²,omakotitalo
195,ei sallittu,1997,hyvä,noin yhden kuukauden vuokra,3 huonetta,33900,"968,47 €/kk","72,5 m²",kerrostalo
196,ei sallittu,1937,hyvä,noin yhden kuukauden vuokra,Yksiö,00150,949 €/kk,34 m²,kerrostalo
197,ei sallittu,1964,hyvä,1 kuukauden vuokra,Yksiö,90120,480 €/kk,34 m²,kerrostalo
198,ei sallittu,2013,hyvä,"2 kk 1500,00 €",Kaksio,03100,750 €/kk,49 m²,rivitalo
199,ei sallittu,2013,hyvä,"2 kk 1500,00 €",Kaksio,03100,750 €/kk,49 m²,rivitalo
200,ei sallittu,2011,hyvä,"1360,00",Yksiö,02330,680 €/kk,"36,5 m²",kerrostalo
201,ei tiedossa,2017,ei luokiteltu,1500 ,Kaksio,33540,750 €/kk,"44,5 m²",kerrostalo
202,ei sallittu,2017,hyvä,"600,00 e",Yksiö,80220,600 €/kk,30 m²,kerrostalo
203,ei sallittu,1980,hyvä,"1 680,00 e",3 huonetta,33880,840 €/kk,"78,5 m²",kerrostalo
204,ei sallittu,2010,hyvä,"700,00 e",Kaksio,33330,700 €/kk,58 m²,kerrostalo
205,ei sallittu,1975,hyvä,250 €,Kaksio,33720,699 €/kk,62 m²,kerrostalo
206,ei sallittu,2016,hyvä,Sopimuksen mukaan,Kaksio,00950,950 €/kk,48 m²,kerrostalo
207,ei sallittu,2012,hyvä,Sopimuksen mukaan,Kaksio,00990,1 060 €/kk,55 m²,kerrostalo
208,ei sallittu,2015,hyvä,1kk/350€,Kaksio,01640,953 €/kk,53 m²,kerrostalo
209,ei sallittu,2016,hyvä,1 kk:n vuokra,Yksiö,70840,590 €/kk,"31,5 m²",kerrostalo
210,ei sallittu,2005,hyvä,1 kk:n vuokra,Kaksio,90450,550 €/kk,"45,5 m²",kerrostalo
211,ei sallittu,2017,hyvä,"1kk, 350€",Kaksio,02200,935 €/kk,"44,5 m²",kerrostalo
212,ei sallittu,2016,hyvä,1kk/350€,Kaksio,01700,880 €/kk,51 m²,kerrostalo
213,ei tiedossa,2016,hyvä,"382,50",Yksiö,53850,"382,50 €/kk",25 m²,kerrostalo
214,ei sallittu,1939,hyvä,500 €,Yksiö,20810,750 €/kk,"43,5 m²",kerrostalo
215,ei tiedossa,1939,hyvä,1700.00,Kaksio,02360,850 €/kk,"59,5 m²",kerrostalo
216,ei tiedossa,1972,tyydyttävä,960.00,Yksiö,15700,480 €/kk,28 m²,kerrostalo
217,ei tiedossa,2017,hyvä,1340.00,Yksiö,01600,670 €/kk,"24,5 m²",kerrostalo
218,ei tiedossa,1971,hyvä,1680.00,Kaksio,01300,840 €/kk,"54,5 m²",kerrostalo
219,ei tiedossa,1959,hyvä,1240.00,Yksiö,00420,620 €/kk,27 m²,kerrostalo
220,ei sallittu,1959,hyvä,1120.00,Kaksio,28100,560 €/kk,45 m²,kerrostalo
221,ei sallittu,1972,hyvä,1040.00,Yksiö,33500,520 €/kk,29 m²,kerrostalo
222,ei sallittu,2008,hyvä,1kk:n vuokran suuruinen,3 huonetta,90650,851 €/kk,68 m²,luhtitalo
223,ei sallittu,2016,hyvä,1kk:n vuokran suuruinen,Kaksio,00380,950 €/kk,"37,5 m²",kerrostalo
224,ei sallittu,1980,hyvä,1kk:n vuokran suuruinen,Yksiö,02650,"773,33 €/kk","30,5 m²",kerrostalo
225,ei sallittu,1998,hyvä,1kk:n vuokran suuruinen,3 huonetta,01300,1 240 €/kk,70 m²,kerrostalo
226,ei sallittu,2017,hyvä,1kk:n vuokran suuruinen,Kaksio,02200,905 €/kk,"41,5 m²",kerrostalo
227,ei sallittu,2017,hyvä,noin yhden kuukauden vuokra,Yksiö,40900,"316,46 €/kk","25,5 m²",rivitalo
228,ei sallittu,2017,hyvä,noin yhden kuukauden vuokra,Kaksio,40100,"614,18 €/kk","49,5 m²",kerrostalo
229,ei sallittu,1991,hyvä,noin yhden kuukauden vuokra,3 huonetta,04130,910 €/kk,77 m²,kerrostalo
230,ei sallittu,1962,hyvä,"1 780,00 e",4 huonetta,28360,890 €/kk,120 m²,paritalo
231,ei sallittu,2016,hyvä,"1 780,00 e",Kaksio,00380,875 €/kk,34 m²,kerrostalo
232,ei sallittu,2017,ei luokiteltu,710.00,Kaksio,96100,710 €/kk,"44,5 m²",kerrostalo
233,ei sallittu,1997,hyvä,2 kk vuokraa vastaava summa,4 huonetta,20100,"1364,86 €/kk","91,5 m²",kerrostalo
234,ei sallittu,2018,hyvä,"1300,00",Yksiö,20100,650 €/kk,32 m²,kerrostalo
235,ei sallittu,2018,hyvä,"1300,00",Yksiö,20100,650 €/kk,32 m²,kerrostalo
236,ei sallittu,1975,hyvä,1 kk vuokra,3 huonetta,78850,675 €/kk,81 m²,kerrostalo
237,ei tiedossa,1976,hyvä,1390.00,3 huonetta,06450,695 €/kk,59 m²,kerrostalo
238,ei tiedossa,2006,hyvä,1300.00,Yksiö,02760,650 €/kk,36 m²,kerrostalo
239,ei tiedossa,2006,ei luokiteltu,780.00,Kaksio,03100,780 €/kk,"64,5 m²",rivitalo
240,ei sallittu,1972,hyvä,2 060,3 huonetta,00770,1 030 €/kk,80 m²,kerrostalo
241,ei sallittu,1972,hyvä,2 060,3 huonetta,00770,1 030 €/kk,80 m²,kerrostalo
242,ei sallittu,2017,hyvä,599,Yksiö,33900,600 €/kk,32 m²,kerrostalo
243,ei sallittu,1976,tyydyttävä,370,Yksiö,38700,370 €/kk,"34,5 m²",kerrostalo
244,ei sallittu,1970,hyvä,950,Yksiö,37100,475 €/kk,36 m²,kerrostalo
245,ei sallittu,2017,hyvä,"1350,00",3 huonetta,00940,1 350 €/kk,"83,5 m²",kerrostalo
246,ei sallittu,2017,hyvä,2kk vuokraa vastaava summa.,Yksiö,00910,649 €/kk,32 m²,kerrostalo
247,ei sallittu,2000,hyvä,250 €,3 huonetta,90250,837 €/kk,66 m²,kerrostalo
248,ei sallittu,1990,hyvä,250 €,Kaksio,90240,589 €/kk,"58,5 m²",kerrostalo
249,ei sallittu,1975,hyvä,465€,Kaksio,95420,465 €/kk,45 m²,kerrostalo
250,ei sallittu,1974,tyydyttävä,600€,3 huonetta,95420,600 €/kk,74 m²,kerrostalo
251,ei sallittu,1975,hyvä,560€,Kaksio,95400,560 €/kk,"59,5 m²",kerrostalo
252,ei sallittu,1991,hyvä,560€,Kaksio,00330,975 €/kk,43 m²,kerrostalo
253,ei sallittu,1976,hyvä,1000 €,3 huonetta,38710,600 €/kk,80 m²,kerrostalo
254,ei sallittu,2018,hyvä,"1670,00",Kaksio,20100,835 €/kk,"56,5 m²",kerrostalo
255,ei tiedossa,2018,hyvä,1380.00,Yksiö,01700,690 €/kk,"30,5 m²",luhtitalo
256,ei tiedossa,1966,hyvä,1000.00,Kaksio,15210,500 €/kk,53 m²,kerrostalo
257,ei tiedossa,1957,hyvä,1250.00,Yksiö,00370,625 €/kk,24 m²,kerrostalo
258,ei tiedossa,1977,hyvä,1170.00,Yksiö,04320,585 €/kk,35 m²,kerrostalo
259,ei tiedossa,1977,hyvä,1170.00,Yksiö,00810,2 343 €/kk,35 m²,kerrostalo
260,ei tiedossa,1977,tyydyttävä,1170.00,3 huonetta,01710,2 382 €/kk,73 m²,kerrostalo
261,ei tiedossa,2014,hyvä,1170.00,Yksiö,02680,1 367 €/kk,25 m²,rivitalo
262,ei tiedossa,2014,tyydyttävä,1170.00,Yksiö,00100,1 066 €/kk,18 m²,kerrostalo
263,ei tiedossa,2014,tyydyttävä,1170.00,Yksiö,86110,1 303 €/kk,26 m²,rivitalo
264,ei tiedossa,2014,tyydyttävä,1170.00,Yksiö,86110,1 005 €/kk,"11,5 m²",rivitalo
265,ei tiedossa,2015,hyvä,1170.00,Yksiö,02650,1 502 €/kk,15 m²,kerrostalo
266,ei tiedossa,1984,tyydyttävä,1170.00,Yksiö,01530,1 164 €/kk,15 m²,kerrostalo
267,ei tiedossa,2003,hyvä,1170.00,4 huonetta,01520,2 881 €/kk,90 m²,kerrostalo
268,ei tiedossa,1984,tyydyttävä,1170.00,Yksiö,01530,1 401 €/kk,15 m²,kerrostalo
269,ei tiedossa,2015,hyvä,1170.00,3 huonetta,90400,2 167 €/kk,59 m²,kerrostalo
270,ei tiedossa,1993,hyvä,1170.00,3 huonetta,00180,3 387 €/kk,70 m²,kerrostalo
271,ei tiedossa,1993,hyvä,1170.00,Yksiö,15110,1 745 €/kk,20 m²,kerrostalo
272,ei sallittu,1981,hyvä,1170.00,4 huonetta,00240,1 560 €/kk,"95,5 m²",kerrostalo
273,ei sallittu,2000,hyvä,1170.00,Kaksio,00500,1 090 €/kk,42 m²,kerrostalo
274,ei sallittu,1990,hyvä,250 €,3 huonetta,40620,738 €/kk,60 m²,kerrostalo
275,ei sallittu,2013,hyvä,1kk,3 huonetta,96460,1 000 €/kk,72 m²,rivitalo
276,ei sallittu,1974,hyvä,520€,Kaksio,95420,520 €/kk,57 m²,kerrostalo
277,ei sallittu,1965,hyvä,520€,Yksiö,00920,750 €/kk,"27,5 m²",kerrostalo
278,ei sallittu,2012,hyvä,520€,3 huonetta,00990,1 259 €/kk,66 m²,kerrostalo
279,ei tiedossa,1996,hyvä,"0,00 ",4 huonetta,04300,0 €/kk,90 m²,rivitalo
280,ei tiedossa,2007,hyvä,890,Kaksio,02320,890 €/kk,"51,5 m²",kerrostalo
281,ei tiedossa,1984,hyvä,690.00,Kaksio,90650,690 €/kk,60 m²,rivitalo
282,ei tiedossa,2006,hyvä,2100.00,3 huonetta,02320,1 050 €/kk,"69,5 m²",kerrostalo
283,ei tiedossa,1961,hyvä,1468.00,Yksiö,00120,734 €/kk,24 m²,kerrostalo
284,ei tiedossa,1928,hyvä,1430.00,Yksiö,00510,715 €/kk,25 m²,kerrostalo
285,ei sallittu,1928,tyydyttävä,1500 €,Yksiö,00150,750 €/kk,28 m²,kerrostalo
286,ei sallittu,2017,hyvä,2*kk,Kaksio,33540,820 €/kk,"40,5 m²",kerrostalo
287,ei sallittu,1924,hyvä,1960 €,Yksiö,00100,980 €/kk,"40,75 m²",kerrostalo
288,ei sallittu,2017,hyvä,2*kk,Kaksio,33540,770 €/kk,"40,5 m²",kerrostalo
289,ei sallittu,2017,hyvä,2*kk,Yksiö,33540,650 €/kk,30 m²,kerrostalo
290,ei sallittu,1983,hyvä,noin yhden kuukauden vuokra,3 huonetta,20610,638 €/kk,"76,5 m²",kerrostalo
291,ei sallittu,1990,hyvä,noin yhden kuukauden vuokra,Kaksio,20540,576 €/kk,58 m²,kerrostalo
292,ei sallittu,1991,hyvä,noin yhden kuukauden vuokra,Kaksio,20540,642 €/kk,"60,5 m²",luhtitalo
293,ei sallittu,1995,hyvä,noin yhden kuukauden vuokra,Kaksio,20360,616 €/kk,"62,5 m²",kerrostalo
294,ei sallittu,2004,hyvä,noin yhden kuukauden vuokra,Kaksio,20320,596 €/kk,53 m²,kerrostalo
295,ei tiedossa,1974,tyydyttävä,1360.00,Kaksio,01710,680 €/kk,54 m²,kerrostalo
296,ei tiedossa,1964,hyvä,1180.00,Kaksio,20360,590 €/kk,52 m²,kerrostalo
297,ei tiedossa,1956,hyvä,1300.00,Kaksio,20540,650 €/kk,63 m²,kerrostalo
298,ei tiedossa,2013,hyvä,1360.00,Kaksio,21200,680 €/kk,"40,5 m²",kerrostalo
299,ei sallittu,2017,hyvä,2*kk,Yksiö,33540,670 €/kk,"26,5 m²",kerrostalo
300,ei sallittu,2017,hyvä,2*kk,Yksiö,33540,680 €/kk,29 m²,kerrostalo
301,ei tiedossa,1902,hyvä,1700,Yksiö,00160,850 €/kk,24 m²,kerrostalo
302,ei tiedossa,1902,hyvä,1700,Yksiö,00160,850 €/kk,24 m²,kerrostalo
303,ei sallittu,1967,hyvä,2kk vuokra eli 2780€,5 +,40800,1 390 €/kk,125 m²,omakotitalo
304,ei tiedossa,2015,hyvä,1960 ,Kaksio,02200,980 €/kk,"40,5 m²",kerrostalo
305,ei tiedossa,1927,hyvä,1000.00,Yksiö,20540,500 €/kk,"40,5 m²",rivitalo
306,ei sallittu,1927,hyvä,1000 euroa,Yksiö,13200,480 €/kk,30 m²,kerrostalo
307,ei tiedossa,2015,hyvä,690,Kaksio,96460,690 €/kk,58 m²,rivitalo
308,ei sallittu,2017,hyvä,1kk takuuvuokra,4 huonetta,01650,1 590 €/kk,87 m²,erillistalo
309,ei tiedossa,2016,hyvä,750,3 huonetta,92160,750 €/kk,66 m²,rivitalo
310,ei tiedossa,1991,hyvä,1240.00,Kaksio,05200,620 €/kk,"53,5 m²",kerrostalo
311,ei tiedossa,1905,hyvä,3300.00,3 huonetta,00100,1 650 €/kk,79 m²,kerrostalo
312,ei tiedossa,1961,hyvä,1780.00,Kaksio,00570,890 €/kk,37 m²,kerrostalo
313,ei sallittu,1976,hyvä,1500€,Kaksio,01800,690 €/kk,58 m²,kerrostalo
314,ei sallittu,1938,hyvä,1200,Kaksio,15110,600 €/kk,42 m²,kerrostalo
315,ei sallittu,2017,hyvä,1kk vuokra,Yksiö,04410,700 €/kk,33 m²,rivitalo
316,ei sallittu,1996,hyvä,1kk vuokra,Yksiö,33480,"674,51 €/kk",50 m²,kerrostalo
317,ei sallittu,1974,hyvä,"1 660,00 e",Kaksio,33100,830 €/kk,51 m²,kerrostalo
318,ei tiedossa,1912,hyvä,1700 ,Yksiö,00260,850 €/kk,"48,4 m²",kerrostalo
319,ei sallittu,1977,hyvä,1120,Kaksio,33720,560 €/kk,48 m²,kerrostalo
320,ei sallittu,2017,hyvä,"878 tai 439, mikäli vuokralaisella on vuokratakaaja",Yksiö,90570,439 €/kk,"21,5 m²",kerrostalo
321,ei tiedossa,2007,hyvä,"878 tai 439, mikäli vuokralaisella on vuokratakaaja",Kaksio,02130,1 000 €/kk,60 m²,kerrostalo
322,ei tiedossa,1979,tyydyttävä,1480.00,Kaksio,20880,740 €/kk,61 m²,rivitalo
323,ei tiedossa,1979,hyvä,1260.00,Kaksio,21500,630 €/kk,"76,5 m²",kerrostalo
324,ei tiedossa,1979,hyvä,1460.00,Yksiö,00930,730 €/kk,36 m²,kerrostalo
325,ei tiedossa,2015,hyvä,1540.00,Kaksio,01700,770 €/kk,"37,5 m²",kerrostalo
326,ei sallittu,2003,hyvä,1040.00,Kaksio,28100,520 €/kk,42 m²,kerrostalo
327,ei sallittu,1966,hyvä,480.00,Yksiö,50120,480 €/kk,"30,5 m²",kerrostalo
328,ei sallittu,1987,ei luokiteltu,480.00,Yksiö,40630,"354,90 €/kk",28 m²,kerrostalo
329,ei sallittu,1999,ei luokiteltu,480.00,3 huonetta,40270,"889,72 €/kk",80 m²,kerrostalo
330,ei sallittu,1987,ei luokiteltu,480.00,Kaksio,40800,546 €/kk,60 m²,kerrostalo
331,ei sallittu,1989,hyvä,480.00,Kaksio,33470,"596,58 €/kk",45 m²,rivitalo
332,ei sallittu,1979,hyvä,480.00,3 huonetta,33470,"795,12 €/kk","79,5 m²",kerrostalo
333,ei sallittu,2013,ei luokiteltu,1410.00,Kaksio,15610,705 €/kk,"44,5 m²",kerrostalo
334,ei sallittu,2013,ei luokiteltu,1536.00,Kaksio,15610,768 €/kk,49 m²,kerrostalo
335,ei sallittu,2013,ei luokiteltu,1364.00,Kaksio,15610,682 €/kk,"42,5 m²",kerrostalo
336,ei sallittu,2013,ei luokiteltu,1816.00,Kaksio,15140,908 €/kk,"57,5 m²",kerrostalo
337,ei sallittu,2013,ei luokiteltu,1536.00,Kaksio,15610,768 €/kk,49 m²,kerrostalo
338,ei sallittu,2013,ei luokiteltu,1798.00,Kaksio,15140,899 €/kk,"57,5 m²",kerrostalo
339,ei tiedossa,1958,hyvä,1420.00,Yksiö,00320,710 €/kk,26 m²,kerrostalo
340,ei tiedossa,2001,hyvä,2200.00,Kaksio,00810,1 100 €/kk,"55,5 m²",kerrostalo
341,ei sallittu,2013,hyvä,760 €,Kaksio,65100,760 €/kk,58 m²,kerrostalo
342,ei sallittu,1962,hyvä,2000,4 huonetta,08150,1 000 €/kk,147 m²,omakotitalo
343,ei sallittu,2015,hyvä,vuosisitoumus ei vakuutta,Kaksio,15830,715 €/kk,"50,5 m²",kerrostalo
344,ei tiedossa,1962,hyvä,482.75,Kaksio,30100,"482,75 €/kk","45,5 m²",kerrostalo
345,ei tiedossa,1983,tyydyttävä,860.00,Yksiö,57100,430 €/kk,30 m²,kerrostalo
346,ei tiedossa,1987,hyvä,1654.00,3 huonetta,15100,827 €/kk,66 m²,kerrostalo
347,ei tiedossa,2017,hyvä,1830.00,Kaksio,01300,915 €/kk,"50,5 m²",kerrostalo
348,ei tiedossa,1995,hyvä,2720.00,Kaksio,02610,1 360 €/kk,"91,5 m²",paritalo
349,ei sallittu,1958,hyvä,1320.00,Kaksio,28130,660 €/kk,61 m²,kerrostalo
350,ei tiedossa,1958,ei luokiteltu,550.00,Kaksio,40340,550 €/kk,55 m²,kerrostalo
351,ei sallittu,1963,tyydyttävä,1kk:n vuokran suuruinen,Kaksio,90230,520 €/kk,43 m²,kerrostalo
352,ei sallittu,2010,hyvä,1kk:n vuokran suuruinen,3 huonetta,90420,725 €/kk,55 m²,rivitalo
353,ei sallittu,1977,hyvä,1kk:n vuokran suuruinen,Kaksio,90500,590 €/kk,"50,5 m²",kerrostalo
354,ei sallittu,1977,ei luokiteltu,2kk:n vuokran suuruinen,Kaksio,01670,2 735 €/kk,342 m²,varastotila
355,ei sallittu,2017,hyvä,2kk:n vuokran suuruinen,Yksiö,00410,690 €/kk,29 m²,kerrostalo
356,ei sallittu,2008,hyvä,1kk:n vuokran suuruinen,Kaksio,90120,720 €/kk,55 m²,kerrostalo
357,sallittu,2004,hyvä,500 € - 3 kk:n vuokran määrä,3 huonetta,70700,"818,40 €/kk",91 m²,kerrostalo
358,ei sallittu,1971,hyvä,760 €,Yksiö,38200,380 €/kk,28 m²,kerrostalo
359,ei sallittu,1961,tyydyttävä,960 €,Yksiö,20100,480 €/kk,30 m²,kerrostalo
360,ei sallittu,1999,hyvä,250,3 huonetta,82200,738 €/kk,70 m²,rivitalo
361,ei sallittu,2002,hyvä,250,Kaksio,80140,670 €/kk,51 m²,rivitalo
362,ei sallittu,2001,hyvä,250.00,Kaksio,13210,630 €/kk,64 m²,kerrostalo
363,ei sallittu,1975,hyvä,720,Kaksio,80230,720 €/kk,56 m²,rivitalo
364,ei sallittu,1966,hyvä,250 €,Kaksio,70200,892 €/kk,61 m²,kerrostalo
365,ei sallittu,1993,hyvä,250 €,3 huonetta,20540,830 €/kk,79 m²,kerrostalo
366,ei sallittu,1980,ei luokiteltu,630 €,Kaksio,96100,630 €/kk,61 m²,kerrostalo
367,ei sallittu,1980,hyvä,0,Kaksio,02250,"860,50 €/kk",53 m²,kerrostalo
368,ei sallittu,1972,hyvä,1340 €,Kaksio,60100,670 €/kk,46 m²,kerrostalo
369,ei sallittu,1998,hyvä,2 kk vuokraa vastaava summa,Kaksio,00980,"879,99 €/kk",55 m²,kerrostalo
370,ei sallittu,1978,ei luokiteltu,"250,00",Kaksio,15500,530 €/kk,"50,5 m²",kerrostalo
371,ei sallittu,1978,ei luokiteltu,520€,Kaksio,26100,520 €/kk,"58,5 m²",kerrostalo
372,ei tiedossa,1956,hyvä,520€,Kaksio,90500,629 €/kk,54 m²,kerrostalo
373,ei tiedossa,2007,hyvä,1660.00,3 huonetta,02320,830 €/kk,68 m²,kerrostalo
374,ei tiedossa,2003,hyvä,1660.00,Kaksio,02600,830 €/kk,46 m²,kerrostalo
375,ei tiedossa,1961,tyydyttävä,960.00,Yksiö,33100,480 €/kk,"24,5 m²",kerrostalo
376,ei sallittu,1961,hyvä,980.00,Yksiö,28100,490 €/kk,37 m²,luhtitalo
377,ei sallittu,1956,hyvä,1360.00,Yksiö,20760,680 €/kk,66 m²,kerrostalo
378,ei sallittu,2004,hyvä,1120.00,Kaksio,28100,560 €/kk,38 m²,kerrostalo
379,ei sallittu,1979,hyvä,440 €,Kaksio,38710,440 €/kk,55 m²,kerrostalo
380,ei sallittu,1970,hyvä,742.5,3 huonetta,33330,"742,50 €/kk","72,5 m²",kerrostalo
381,ei sallittu,2014,hyvä,742.5,Kaksio,20520,690 €/kk,"34,5 m²",kerrostalo
382,ei sallittu,1985,hyvä,742.5,Yksiö,01300,700 €/kk,"34,5 m²",kerrostalo
383,ei tiedossa,1973,hyvä,1380 ,3 huonetta,37100,690 €/kk,65 m²,kerrostalo
384,ei sallittu,1998,hyvä,721 €,3 huonetta,67300,"721,36 €/kk","62,5 m²",luhtitalo
385,ei sallittu,2003,hyvä,882 €,3 huonetta,67100,"881,90 €/kk","91,5 m²",kerrostalo
386,ei sallittu,1986,hyvä,1700 €,3 huonetta,70100,850 €/kk,"76,5 m²",kerrostalo
387,ei sallittu,1961,tyydyttävä,"1 000,00 e Vakuus toimitetaan erikseen perustettav",Yksiö,40100,500 €/kk,"23,5 m²",kerrostalo
388,ei sallittu,1982,hyvä,"630,00 e",Kaksio,70200,630 €/kk,57 m²,kerrostalo
389,ei sallittu,2017,hyvä,"630,00 e",Yksiö,33870,530 €/kk,23 m²,kerrostalo
390,ei sallittu,1966,ei luokiteltu,"520,00 e",Yksiö,70200,520 €/kk,34 m²,kerrostalo
391,ei sallittu,1962,hyvä,1kk+hlö tai 2kk,Kaksio,28100,495 €/kk,56 m²,kerrostalo
392,ei sallittu,2004,hyvä,250 €,Kaksio,90120,804 €/kk,59 m²,kerrostalo
393,ei sallittu,1979,hyvä,250 €,Kaksio,02230,871 €/kk,59 m²,kerrostalo
394,ei sallittu,2014,hyvä,250 €,Yksiö,02250,890 €/kk,46 m²,kerrostalo
395,ei sallittu,1982,hyvä,250 €,4 huonetta,02230,1 186 €/kk,"98,5 m²",kerrostalo
396,ei sallittu,1974,hyvä,250 €,Kaksio,02320,755 €/kk,47 m²,kerrostalo
397,ei sallittu,2016,hyvä,250 €,Yksiö,53100,720 €/kk,38 m²,kerrostalo
398,ei sallittu,2008,hyvä,250 €,Yksiö,01600,846 €/kk,47 m²,kerrostalo
399,ei sallittu,1970,hyvä,250 €,4 huonetta,02700,1 421 €/kk,102 m²,kerrostalo
400,ei sallittu,1998,hyvä,1.300 €,Yksiö,20100,650 €/kk,39 m²,kerrostalo
401,ei sallittu,1961,tyydyttävä,740 e (1 kk),3 huonetta,48600,740 €/kk,78 m²,kerrostalo
402,ei tiedossa,1993,hyvä,740 e (1 kk),Kaksio,65320,"641,52 €/kk","65,5 m²",kerrostalo
403,ei tiedossa,1994,hyvä,740 e (1 kk),4 huonetta,65100,"1030,82 €/kk","99,5 m²",kerrostalo
404,ei tiedossa,1994,hyvä,740 e (1 kk),5 +,65100,"1218,05 €/kk",109 m²,kerrostalo
405,ei tiedossa,1976,hyvä,740 e (1 kk),Yksiö,65370,"335,62 €/kk",35 m²,kerrostalo
406,ei tiedossa,1999,ei luokiteltu,1500.00,Kaksio,15140,750 €/kk,53 m²,kerrostalo
407,ei tiedossa,1999,hyvä,1900.00,Kaksio,02100,950 €/kk,59 m²,kerrostalo
408,ei sallittu,1966,hyvä,1300.00,Kaksio,20540,650 €/kk,43 m²,kerrostalo
409,ei sallittu,1974,ei luokiteltu,1-3 kuukauden vakuus,Kaksio,32700,500 €/kk,"57,5 m²",kerrostalo
410,ei sallittu,1976,hyvä,695 €,3 huonetta,60510,695 €/kk,74 m²,luhtitalo
411,ei sallittu,2016,hyvä,695 €,3 huonetta,02330,1 250 €/kk,"70,5 m²",kerrostalo
412,ei sallittu,2017,hyvä,575,Yksiö,33710,575 €/kk,35 m²,kerrostalo
413,ei sallittu,2016,hyvä,1840 €,3 huonetta,70910,890 €/kk,"75,5 m²",kerrostalo
414,ei tiedossa,2003,hyvä,850,3 huonetta,33310,"783,68 €/kk","67,5 m²",kerrostalo
415,ei sallittu,2014,hyvä,1115.20,4 huonetta,28130,"1115,20 €/kk","86,5 m²",kerrostalo
416,ei tiedossa,1962,hyvä,1780 ,Kaksio,33100,890 €/kk,"54,5 m²",kerrostalo
417,ei sallittu,1985,hyvä,250 €,Kaksio,01360,885 €/kk,"55,5 m²",kerrostalo
418,ei sallittu,1994,hyvä,250 €,3 huonetta,90550,920 €/kk,"79,5 m²",kerrostalo
419,ei sallittu,1994,ei luokiteltu,"445,00 e",Yksiö,15200,445 €/kk,32 m²,kerrostalo
420,ei sallittu,1913,välttävä,"1 180,00 e",Yksiö,00150,590 €/kk,20 m²,kerrostalo
421,ei sallittu,1974,välttävä,"900,00 e",Yksiö,36200,450 €/kk,29 m²,kerrostalo
422,ei sallittu,1994,ei luokiteltu,0 €,3 huonetta,96100,883 €/kk,81 m²,kerrostalo
423,ei sallittu,1994,hyvä,0,Kaksio,02250,"854,75 €/kk","55,5 m²",kerrostalo
424,ei sallittu,1994,hyvä,0,Kaksio,20700,820 €/kk,67 m²,kerrostalo
425,ei sallittu,2014,ei luokiteltu,655.00,Yksiö,40700,655 €/kk,40 m²,kerrostalo
426,ei tiedossa,1970,hyvä,1590 ,Kaksio,02210,795 €/kk,47 m²,kerrostalo
427,ei tiedossa,1902,tyydyttävä,1100.00,Kaksio,49300,550 €/kk,70 m²,omakotitalo
428,ei tiedossa,1975,tyydyttävä,732.00,3 huonetta,25250,590 €/kk,78 m²,kerrostalo
429,ei tiedossa,1998,hyvä,590.00,Yksiö,65100,590 €/kk,"43,5 m²",kerrostalo
430,ei tiedossa,1983,tyydyttävä,1240.00,Yksiö,04200,620 €/kk,36 m²,kerrostalo
431,ei tiedossa,2003,hyvä,1240.00,Kaksio,00120,1 280 €/kk,"50,5 m²",kerrostalo
432,ei sallittu,2006,hyvä,642 €,Kaksio,67100,"641,80 €/kk",51 m²,luhtitalo
433,ei sallittu,1986,hyvä,2 kuukauden vuokra,Yksiö,57130,530 €/kk,37 m²,kerrostalo
434,ei sallittu,1971,hyvä,1200.00,Kaksio,20610,600 €/kk,58 m²,kerrostalo
435,ei sallittu,1955,ei luokiteltu,720.00,Yksiö,18100,360 €/kk,31 m²,kerrostalo
436,ei sallittu,2015,hyvä,1kk:n vuokran suuruinen,Yksiö,90540,470 €/kk,27 m²,kerrostalo
437,ei sallittu,2014,hyvä,1kk:n vuokran suuruinen,Kaksio,90530,640 €/kk,45 m²,kerrostalo
438,ei sallittu,2012,hyvä,1kk:n vuokran suuruinen,3 huonetta,90420,725 €/kk,55 m²,luhtitalo
439,ei sallittu,1973,tyydyttävä,430 €,Kaksio,55800,430 €/kk,"48,5 m²",kerrostalo
440,ei sallittu,2014,hyvä,noin yhden kuukauden vuokra,4 huonetta,20320,"1160,02 €/kk","87,5 m²",rivitalo
441,ei sallittu,2016,hyvä,1 kuukauden vuokraa vastaava,Yksiö,33900,690 €/kk,35 m²,kerrostalo
442,ei sallittu,2004,hyvä,515,Kaksio,90520,515 €/kk,"51,5 m²",kerrostalo
443,ei tiedossa,1972,hyvä,840,Kaksio,02320,840 €/kk,"63,5 m²",kerrostalo
444,ei sallittu,1972,hyvä,600 €,3 huonetta,38700,600 €/kk,77 m²,rivitalo
445,ei sallittu,2010,hyvä,658 €,Kaksio,67100,"657,55 €/kk","49,5 m²",kerrostalo
446,ei sallittu,2014,hyvä,250 €,Kaksio,01640,969 €/kk,"53,5 m²",kerrostalo
447,ei sallittu,2004,hyvä,250 €,Kaksio,90120,684 €/kk,"42,5 m²",kerrostalo
448,ei sallittu,2004,ei luokiteltu,"410,00 e",Yksiö,15500,410 €/kk,35 m²,kerrostalo
449,ei sallittu,1955,hyvä,"530,00 e +henkilötakaus / 2kk +laaja kotivakuutus",Yksiö,80100,530 €/kk,33 m²,kerrostalo
450,ei sallittu,1955,ei luokiteltu,"990,00 e",Yksiö,15170,495 €/kk,"32,5 m²",kerrostalo
451,ei sallittu,2000,hyvä,"990,00 e",Kaksio,01610,875 €/kk,"42,5 m²",kerrostalo
452,ei tiedossa,1989,ei luokiteltu,500 euroa,Kaksio,00250,1 024 €/kk,"57,5 m²",kerrostalo
453,ei sallittu,1999,hyvä,470 €,Kaksio,38700,470 €/kk,"60,5 m²",rivitalo
454,ei sallittu,1975,hyvä,1kk,Kaksio,01300,990 €/kk,59 m²,kerrostalo
455,ei sallittu,2017,hyvä,"1590,00",Kaksio,20100,795 €/kk,"45,5 m²",kerrostalo
456,ei sallittu,1978,hyvä,1kk,3 huonetta,02130,1 169 €/kk,"61,5 m²",kerrostalo
457,ei sallittu,2006,hyvä,1 kuukauden vuokra,3 huonetta,57100,900 €/kk,87 m²,kerrostalo
458,ei tiedossa,2004,hyvä,960,Kaksio,00990,960 €/kk,"52,5 m²",kerrostalo
459,ei tiedossa,2005,hyvä,781 €,3 huonetta,37130,781 €/kk,75 m²,rivitalo
460,ei sallittu,2017,hyvä,2600,Kaksio,00220,1 300 €/kk,51 m²,kerrostalo
461,ei tiedossa,1973,hyvä,1680.00,Kaksio,00840,840 €/kk,51 m²,kerrostalo
462,ei tiedossa,1937,hyvä,1560.00,Yksiö,00500,780 €/kk,37 m²,kerrostalo
463,ei tiedossa,1984,hyvä,1190.00,Yksiö,04230,595 €/kk,31 m²,luhtitalo
464,ei tiedossa,2016,hyvä,1800.00,Kaksio,00870,900 €/kk,45 m²,kerrostalo
465,ei tiedossa,1957,hyvä,1340.00,Yksiö,00530,670 €/kk,28 m²,kerrostalo
466,ei tiedossa,2016,hyvä,1860.00,Kaksio,00870,930 €/kk,46 m²,kerrostalo
467,ei sallittu,1978,hyvä,900.00,Yksiö,28100,450 €/kk,36 m²,kerrostalo
468,ei sallittu,1968,hyvä,1kk,Yksiö,37830,400 €/kk,37 m²,kerrostalo
469,ei sallittu,1985,tyydyttävä,2000 €,5 +,16900,1 000 €/kk,190 m²,omakotitalo
470,ei sallittu,1984,hyvä,250 euroa,Kaksio,90570,637 €/kk,62 m²,rivitalo
471,ei sallittu,1977,hyvä,250 euroa,Kaksio,90580,510 €/kk,62 m²,kerrostalo
472,ei sallittu,1980,hyvä,250 euroa,Kaksio,90500,657 €/kk,"61,5 m²",kerrostalo
473,ei sallittu,1972,hyvä,250 euroa,Kaksio,90550,558 €/kk,56 m²,kerrostalo
474,ei sallittu,1969,hyvä,"653,60 e 1kk+laaja kotivakuutus",3 huonetta,80160,"653,60 €/kk",77 m²,kerrostalo
475,ei sallittu,1974,hyvä,"595,00 e",Kaksio,70460,595 €/kk,"45,5 m²",kerrostalo
476,ei sallittu,2008,hyvä,920 €,3 huonetta,90120,920 €/kk,68 m²,kerrostalo
477,ei sallittu,1973,hyvä,"1.200,00",Kaksio,15170,600 €/kk,"58,5 m²",kerrostalo
478,ei sallittu,1905,hyvä,2 kk:n vuokra,Yksiö,00170,650 €/kk,30 m²,kerrostalo
479,ei tiedossa,2008,hyvä,500 €,Kaksio,02230,920 €/kk,"52,5 m²",kerrostalo
480,ei tiedossa,2007,hyvä,"895,00 €",Kaksio,02230,895 €/kk,47 m²,kerrostalo
481,ei tiedossa,1996,hyvä,1838.68,3 huonetta,21420,"919,34 €/kk","83,5 m²",rivitalo
482,ei tiedossa,1954,tyydyttävä,840.00,Yksiö,57130,420 €/kk,23 m²,kerrostalo
483,ei tiedossa,1998,hyvä,840.00,Yksiö,65380,"401,94 €/kk","35,5 m²",kerrostalo
484,ei tiedossa,1984,hyvä,840.00,Yksiö,65320,"348,69 €/kk",33 m²,kerrostalo
485,ei tiedossa,1988,hyvä,840.00,Kaksio,65380,"398,04 €/kk","41,5 m²",kerrostalo
486,ei tiedossa,1975,hyvä,840.00,Yksiö,65370,"333,94 €/kk",32 m²,kerrostalo
487,ei tiedossa,2000,hyvä,1120.00,Yksiö,00810,560 €/kk,20 m²,kerrostalo
488,ei tiedossa,2017,hyvä,1640.00,Kaksio,02780,820 €/kk,45 m²,luhtitalo
489,ei tiedossa,2005,hyvä,1900.00,Kaksio,00790,950 €/kk,"51,5 m²",kerrostalo
490,ei tiedossa,2015,hyvä,1240.00,Kaksio,13100,620 €/kk,"37,5 m²",kerrostalo
491,ei tiedossa,1964,hyvä,1240.00,Kaksio,05800,750 €/kk,51 m²,kerrostalo
492,ei tiedossa,1971,ei luokiteltu,1640.00,Kaksio,01620,820 €/kk,55 m²,kerrostalo
493,ei tiedossa,1971,hyvä,2200.00,Kaksio,00120,1 100 €/kk,45 m²,kerrostalo
494,ei tiedossa,1982,hyvä,2200.00,5 +,00430,1 600 €/kk,179 m²,omakotitalo
495,ei sallittu,1982,hyvä,1040.00,Kaksio,28400,520 €/kk,"49,5 m²",rivitalo
496,ei tiedossa,2017,ei luokiteltu,1270.00e,Yksiö,20520,635 €/kk,"33,5 m²",kerrostalo
497,ei tiedossa,1973,ei luokiteltu,1390.00e,Yksiö,20500,695 €/kk,"41,5 m²",kerrostalo
498,ei sallittu,1989,hyvä,250 €,Kaksio,70820,630 €/kk,45 m²,kerrostalo
499,ei sallittu,1997,hyvä,250 €,Kaksio,04410,719 €/kk,55 m²,kerrostalo
500,ei sallittu,1949,tyydyttävä,780 €,Yksiö,37100,390 €/kk,28 m²,kerrostalo
501,ei sallittu,2017,hyvä,525,Yksiö,90570,525 €/kk,"32,5 m²",kerrostalo
502,ei sallittu,1956,hyvä,1400.00,Yksiö,00320,700 €/kk,"24,5 m²",kerrostalo
503,ei sallittu,1943,ei luokiteltu,1200.00,Yksiö,33540,600 €/kk,"37,5 m²",kerrostalo
504,ei sallittu,1955,hyvä,450 €,3 huonetta,94830,450 €/kk,50 m²,kerrostalo
505,ei sallittu,1988,hyvä,450 €,Kaksio,00650,929 €/kk,53 m²,kerrostalo
506,ei sallittu,2010,hyvä,450 €,Kaksio,02650,1 083 €/kk,"57,5 m²",kerrostalo
507,ei tiedossa,1961,hyvä,470 ,Yksiö,90120,470 €/kk,27 m²,kerrostalo
508,ei sallittu,1950,hyvä,1-2 kk,Yksiö,33100,685 €/kk,29 m²,kerrostalo
509,ei sallittu,1975,hyvä,920 €,Yksiö,80160,460 €/kk,33 m²,kerrostalo
510,ei sallittu,1975,hyvä,250 €,3 huonetta,87200,793 €/kk,"78,5 m²",kerrostalo
511,ei sallittu,1978,ei luokiteltu,1150.00,3 huonetta,00370,1 150 €/kk,"73,5 m²",kerrostalo
512,ei sallittu,2017,ei luokiteltu,1034.00,3 huonetta,04410,1 034 €/kk,65 m²,kerrostalo
513,ei sallittu,2015,ei luokiteltu,1111.00,3 huonetta,01340,1 111 €/kk,69 m²,kerrostalo
514,ei sallittu,1999,ei luokiteltu,938.00,3 huonetta,04410,938 €/kk,62 m²,kerrostalo
515,ei sallittu,1939,hyvä,1640,Yksiö,00100,820 €/kk,23 m²,kerrostalo
516,ei sallittu,1939,ei luokiteltu,€,3 huonetta,62100,460 €/kk,78 m²,rivitalo
517,ei sallittu,1927,tyydyttävä,1100 €,Kaksio,07880,550 €/kk,74 m²,omakotitalo
518,ei sallittu,1946,hyvä,2 kk:n vuokra,Kaksio,00270,950 €/kk,50 m²,kerrostalo
519,ei sallittu,2015,hyvä,"535,00 €",Yksiö,15240,535 €/kk,34 m²,kerrostalo
520,ei tiedossa,1945,hyvä,1340.00,Yksiö,00270,670 €/kk,21 m²,kerrostalo
521,ei tiedossa,1963,hyvä,2380.00,Kaksio,00150,1 190 €/kk,54 m²,kerrostalo
522,ei tiedossa,1987,ei luokiteltu,500 €,4 huonetta,00420,1 239 €/kk,"88,5 m²",kerrostalo
523,ei sallittu,1985,hyvä,2 kk,Kaksio,20740,700 €/kk,"63,5 m²",kerrostalo
524,ei sallittu,2008,hyvä,250 €,Kaksio,33900,796 €/kk,51 m²,kerrostalo
525,ei sallittu,2015,hyvä,"604,50",Kaksio,01150,"604,50 €/kk",39 m²,kerrostalo
526,ei sallittu,2010,hyvä,686 €,Kaksio,33330,686 €/kk,53 m²,luhtitalo
527,ei tiedossa,2011,hyvä,914 €,3 huonetta,33330,914 €/kk,"73,5 m²",kerrostalo
528,ei tiedossa,2009,hyvä,836 €,3 huonetta,33330,836 €/kk,74 m²,kerrostalo
529,ei tiedossa,1968,hyvä,2980.00,4 huonetta,02700,1 490 €/kk,116 m²,kerrostalo
530,ei tiedossa,1950,hyvä,1560.00,Kaksio,00280,780 €/kk,33 m²,kerrostalo
531,ei sallittu,1950,hyvä,505.00,Yksiö,50170,505 €/kk,"36,5 m²",kerrostalo
532,ei tiedossa,1950,tyydyttävä,505.00,Yksiö,86110,1 303 €/kk,"25,5 m²",rivitalo
533,ei tiedossa,1908,hyvä,505.00,Yksiö,20100,1 704 €/kk,31 m²,kerrostalo
534,ei tiedossa,1938,hyvä,505.00,Yksiö,00530,1 841 €/kk,27 m²,kerrostalo
535,ei tiedossa,1937,hyvä,505.00,Kaksio,00100,2 148 €/kk,43 m²,kerrostalo
536,ei tiedossa,1988,tyydyttävä,505.00,Kaksio,33100,1 530 €/kk,47 m²,kerrostalo
537,ei tiedossa,1941,hyvä,505.00,Kaksio,00180,1 825 €/kk,53 m²,kerrostalo
538,ei tiedossa,1987,välttävä,505.00,Yksiö,02650,1 188 €/kk,29 m²,kerrostalo
539,ei tiedossa,1928,hyvä,505.00,Kaksio,00100,3 003 €/kk,68 m²,kerrostalo
540,ei tiedossa,1928,tyydyttävä,505.00,3 huonetta,00100,3 165 €/kk,63 m²,kerrostalo
541,ei tiedossa,1986,välttävä,505.00,Yksiö,01530,555 €/kk,13 m²,omakotitalo
542,ei sallittu,1979,hyvä,600,Kaksio,76100,200 €/kk,38 m²,kerrostalo
543,ei sallittu,1996,hyvä,600,Kaksio,02600,969 €/kk,"59,5 m²",kerrostalo
544,ei sallittu,1963,hyvä,600,Kaksio,00710,948 €/kk,60 m²,kerrostalo
545,ei sallittu,2012,hyvä,600,Kaksio,00990,920 €/kk,"38,5 m²",kerrostalo
546,ei sallittu,1995,hyvä,600,Kaksio,02650,885 €/kk,"45,5 m²",kerrostalo
547,ei sallittu,1980,hyvä,600,3 huonetta,01480,1 070 €/kk,"80,5 m²",kerrostalo
548,ei sallittu,1970,hyvä,2kk = 1460€,Kaksio,03100,730 €/kk,53 m²,kerrostalo
549,ei sallittu,1965,hyvä,"650,00 e",Kaksio,70200,650 €/kk,54 m²,kerrostalo
550,ei sallittu,1994,hyvä,250 €,Kaksio,04250,869 €/kk,"59,5 m²",kerrostalo
551,ei sallittu,2003,hyvä,250 €,3 huonetta,00910,1 294 €/kk,"73,5 m²",kerrostalo
552,ei sallittu,1966,hyvä,250 €,Kaksio,02100,930 €/kk,43 m²,kerrostalo
553,ei sallittu,1958,hyvä,1kk pankkitalletus sekä 1-2 henkilön omavelkainen,Yksiö,60100,410 €/kk,29 m²,kerrostalo
554,ei tiedossa,1973,hyvä,1kk pankkitalletus sekä 1-2 henkilön omavelkainen,Kaksio,00770,800 €/kk,"50,5 m²",kerrostalo
555,ei sallittu,2012,hyvä,1kk pankkitalletus sekä 1-2 hlön omavelkainen taka,Kaksio,60200,540 €/kk,"34,5 m²",kerrostalo
556,ei sallittu,2014,hyvä,1kk:n vuokra,4 huonetta,90670,1 100 €/kk,85 m²,rivitalo
557,ei sallittu,1962,hyvä,2 kk:n vuokra,4 huonetta,02160,1 800 €/kk,133 m²,kerrostalo
558,ei sallittu,1973,hyvä,1kk vuokra,Kaksio,33210,690 €/kk,39 m²,kerrostalo
559,ei sallittu,1996,ei luokiteltu,"889,00",3 huonetta,15140,889 €/kk,74 m²,kerrostalo
560,ei sallittu,1999,hyvä,1kk vuokra,Kaksio,33210,845 €/kk,57 m²,kerrostalo
